time,field,initial_residual,final_residual
0.01,Ux,0.999999999201,5.01809187826e-11
0.01,Uy,1.0,3.6102143201e-11
0.01,Uz,1.0,5.0753888574e-11
0.01,p,1.0,9.29784089018e-10
0.01,p,0.467444416504,9.35358133942e-10
0.01,p,0.035009143028,8.60404605993e-10
0.01,p,0.00647610960997,8.42113795492e-10
0.01,Ux,0.00888843149512,1.01632531815e-12
0.01,Uy,0.0254566190772,1.02379152157e-12
0.01,Uz,0.0262160994499,2.3510503143e-12
0.01,p,0.00954090005182,8.38585817291e-10
0.01,p,0.000878118157425,7.66517552067e-10
0.01,p,0.000135311056324,6.18317015377e-10
0.01,p,2.65541062561e-05,5.13979943803e-10
0.02,Ux,0.885816865452,2.21196310925e-11
0.02,Uy,0.332716313174,1.92371923479e-11
0.02,Uz,0.332323266627,3.72155532823e-11
0.02,p,0.329078739335,8.56565515097e-10
0.02,p,0.540939970572,9.56821987397e-10
0.02,p,0.0638472069203,7.93255476864e-10
0.02,p,0.0079538566744,7.898892376e-10
0.02,Ux,0.000578867985875,2.40789521331e-13
0.02,Uy,0.00225257959109,4.824276116e-13
0.02,Uz,0.00414995075795,1.75374754209e-12
0.02,p,0.00282628700806,7.67162010312e-10
0.02,p,0.000465602096287,5.85194242507e-10
0.02,p,0.000121403759189,5.43281123976e-10
0.02,p,3.51739166763e-05,4.91000098011e-10
0.03,Ux,0.193777586728,5.16670815022e-11
0.03,Uy,0.149066151059,5.51258901131e-11
0.03,Uz,0.179109783005,8.7637305643e-11
0.03,p,0.329280339024,8.29698749977e-10
0.03,p,0.0601182143446,8.67107881801e-10
0.03,p,0.00761561395338,7.62826254964e-10
0.03,p,0.00148752046041,6.54808488562e-10
0.03,Ux,0.000194982484706,7.30877156812e-14
0.03,Uy,0.00027381743859,8.19230515417e-14
0.03,Uz,0.000516388398653,2.06898853652e-13
0.03,p,0.000838301452909,7.28080113546e-10
0.03,p,0.000135758637377,5.08774702931e-10
0.03,p,3.54971322845e-05,5.74129635773e-10
0.03,p,1.05668669511e-05,8.97570479886e-10
0.04,Ux,0.0746625913625,1.79044650396e-11
0.04,Uy,0.0740026342078,1.73294148668e-11
0.04,Uz,0.078563891708,2.88297873984e-11
0.04,p,0.213814121522,8.10411804517e-10
0.04,p,0.0234844060859,9.51438567864e-10
0.04,p,0.00278634024562,8.63002020839e-10
0.04,p,0.000548119638345,6.68997319744e-10
0.04,Ux,0.000123598800483,4.47792173756e-14
0.04,Uy,0.000181528628823,4.61857330022e-14
0.04,Uz,0.000319371064625,1.10935869477e-13
0.04,p,0.000557780973102,8.03188776212e-10
0.04,p,6.52219331968e-05,6.15237916161e-10
0.04,p,1.42829414503e-05,5.66793121051e-10
0.04,p,3.93087864789e-06,6.70690231753e-10
0.05,Ux,0.0422944259655,7.6138915205e-12
0.05,Uy,0.0492813300187,8.45611733684e-12
0.05,Uz,0.0480242435599,1.36830843641e-11
0.05,p,0.16587537707,7.9389453682e-10
0.05,p,0.0118282558473,9.86758101754e-10
0.05,p,0.00125509570422,7.0996731082e-10
0.05,p,0.000220567737099,6.37388997979e-10
0.05,Ux,8.4123943346e-05,3.11113521146e-14
0.05,Uy,0.000125109557687,2.95069193312e-14
0.05,Uz,0.000209041116529,6.83044364408e-14
0.05,p,0.000424459360627,7.78086200215e-10
0.05,p,4.02441838456e-05,7.23830753934e-10
0.05,p,7.02535471541e-06,5.42381808777e-10
0.05,p,1.67843731415e-06,5.12739612643e-10
0.06,Ux,0.0314874492292,4.56518473863e-12
0.06,Uy,0.0368631075818,5.42494258772e-12
0.06,Uz,0.0363053134233,9.20674650577e-12
0.06,p,0.128088047777,8.42251903001e-10
0.06,p,0.00699079735951,9.2309513289e-10
0.06,p,0.000709887504443,8.43637829361e-10
0.06,p,0.000118167133096,8.14223412795e-10
0.06,Ux,5.9561774311e-05,2.17037585942e-14
0.06,Uy,8.91311386165e-05,2.05287276552e-14
0.06,Uz,0.000144816235244,4.69501872076e-14
0.06,p,0.000357655767574,9.86430014847e-10
0.06,p,3.13852453401e-05,5.89774984306e-10
0.06,p,5.06309698162e-06,7.10937715649e-10
0.06,p,1.09860153638e-06,6.42130186045e-10
0.07,Ux,0.0245304763432,3.28760490643e-12
0.07,Uy,0.0296895010602,4.00210606487e-12
0.07,Uz,0.0287099696335,6.89371058099e-12
0.07,p,0.103095673877,9.72251391238e-10
0.07,p,0.00477712441765,9.26855439522e-10
0.07,p,0.000468202922792,9.15915497182e-10
0.07,p,7.42429860746e-05,8.4322479903e-10
0.07,Ux,4.55413603633e-05,1.66970121423e-14
0.07,Uy,6.82782859958e-05,1.56657643784e-14
0.07,Uz,0.000107693576914,3.58810383901e-14
0.07,p,0.000321679441689,9.06254937173e-10
0.07,p,2.81161847063e-05,9.80965938074e-10
0.07,p,4.38471971513e-06,5.08145539302e-10
0.07,p,8.94094373181e-07,9.70069651702e-10
0.08,Ux,0.0202694334008,2.65195266708e-12
0.08,Uy,0.0246879975512,3.06816977326e-12
0.08,Uz,0.0239244979731,5.4692927772e-12
0.08,p,0.0886921935518,7.97537603493e-10
0.08,p,0.00383696296198,8.6444857255e-10
0.08,p,0.000373259170362,7.66092016669e-10
0.08,p,5.67934903016e-05,6.07950279735e-10
0.08,Ux,3.58950088326e-05,1.26828071935e-14
0.08,Uy,5.3757927272e-05,1.2260374202e-14
0.08,Uz,8.2620970462e-05,2.84853073638e-14
0.08,p,0.000296756072813,8.09584930474e-10
0.08,p,2.63795242192e-05,9.47316371793e-10
0.08,p,4.15005835051e-06,8.72716182499e-10
0.08,p,8.36571999768e-07,8.03764238259e-10
