time,field,initial_residual,final_residual
0.0002,Ux,1.0,2.44579639e-13
0.0002,Uy,0.0,0.0
0.0002,p,1.0,4.540665775e-09
0.0002,p,2.179519537e-09,2.179519537e-09
0.0002,p,2.564038841e-07,3.608664114e-09
0.0002,p,3.608664445e-09,3.608664445e-09
0.0002,Ux,0.1389782016,5.268068237e-14
0.0002,Uy,0.1714549069,9.327868428e-14
0.0002,p,7.800646401e-08,8.650375787e-09
0.0002,p,8.650375237e-09,8.650375237e-09
0.0002,p,8.650358863e-09,8.650358863e-09
0.0002,p,8.650358863e-09,8.650358863e-09
0.0004,Ux,0.2089450202,3.881291058e-14
0.0004,Uy,0.2542721815,5.809769062e-14
0.0004,p,0.423916085,4.928871837e-09
0.0004,p,3.466784676e-09,3.466784676e-09
0.0004,p,7.211587984e-08,7.443761916e-09
0.0004,p,7.443762005e-09,7.443762005e-09
0.0004,Ux,0.064163876,1.799832954e-14
0.0004,Uy,0.20633048,1.043399291e-13
0.0004,p,0.0946387111,4.256891827e-09
0.0004,p,4.701059102e-09,4.701059102e-09
0.0004,p,3.918617372e-08,5.092398897e-09
0.0004,p,5.092398913e-09,5.092398913e-09
0.0006,Ux,0.1169243712,1.692895056e-14
0.0006,Uy,0.2078344084,6.315585422e-14
0.0006,p,0.2957913153,5.159925318e-09
0.0006,p,3.987686074e-09,3.987686074e-09
0.0006,p,4.161455362e-08,4.699536228e-09
0.0006,p,4.699536228e-09,4.699536228e-09
0.0006,Ux,0.04218348961,1.103858647e-14
0.0006,Uy,0.2413639634,1.240582929e-13
0.0006,p,0.1187254552,8.355980671e-09
0.0006,p,9.486553085e-09,9.486553085e-09
0.0006,p,4.594065597e-08,7.140859762e-09
0.0006,p,7.140859922e-09,7.140859922e-09
0.0008,Ux,0.08118186589,1.058069031e-14
0.0008,Uy,0.1571130863,5.136023135e-14
0.0008,p,0.2464171584,7.999576663e-09
0.0008,p,6.419434205e-09,6.419434205e-09
0.0008,p,3.231159129e-08,4.669606143e-09
0.0008,p,4.669606066e-09,4.669606066e-09
0.0008,Ux,0.03187838904,8.091157862e-15
0.0008,Uy,0.2776850832,1.517771093e-13
0.0008,p,0.1293993442,6.101573246e-09
0.0008,p,7.013542606e-09,7.013542606e-09
0.0008,p,4.244026829e-08,5.840180623e-09
0.0008,p,5.84018071e-09,5.84018071e-09
0.001,Ux,0.06285660277,7.897161478e-15
0.001,Uy,0.0718787564,1.515527716e-14
0.001,p,0.2170358947,6.637384096e-09
0.001,p,5.454120289e-09,5.454120289e-09
0.001,p,2.828222209e-08,4.021444053e-09
0.001,p,4.021444002e-09,4.021444002e-09
0.001,Ux,0.02613803753,6.608599526e-15
0.001,Uy,0.2830229955,1.485145215e-13
0.001,p,0.1360779278,5.21526443e-09
0.001,p,6.039781282e-09,6.039781282e-09
0.001,p,4.003605678e-08,5.228535906e-09
0.001,p,5.228535967e-09,5.228535967e-09
0.0012,Ux,0.05197955653,6.259615136e-15
0.0012,Uy,0.06052232652,1.137736302e-14
0.0012,p,0.2053866004,5.282568797e-09
0.0012,p,4.392619979e-09,4.392619979e-09
0.0012,p,2.430755814e-08,3.269422658e-09
0.0012,p,3.269422624e-09,3.269422624e-09
0.0012,Ux,0.02196068978,5.392094638e-15
0.0012,Uy,0.2918355868,1.453608458e-13
0.0012,p,0.1416280298,4.358647485e-09
0.0012,p,5.079116918e-09,5.079116918e-09
0.0012,p,3.728847853e-08,4.622736036e-09
0.0012,p,4.622736076e-09,4.622736076e-09
0.0014,Ux,0.04386033453,5.110233065e-15
0.0014,Uy,0.0537043615,9.301639463e-15
0.0014,p,0.1971727204,3.813435561e-09
0.0014,p,3.186736015e-09,3.186736015e-09
0.0014,p,2.108547563e-08,2.622283266e-09
0.0014,p,2.62228325e-09,2.62228325e-09
0.0014,Ux,0.01889989946,4.586875955e-15
0.0014,Uy,0.2954654397,1.398743927e-13
0.0014,p,0.1449736706,3.525260041e-09
0.0014,p,4.124964217e-09,4.124964217e-09
0.0014,p,3.451757853e-08,4.041172342e-09
0.0014,p,4.041172363e-09,4.041172363e-09
0.0016,Ux,0.03801279116,4.286993673e-15
0.0016,Uy,0.05290018936,9.753981596e-15
0.0016,p,0.1916167059,7.819325575e-09
0.0016,p,6.560871064e-09,6.560871064e-09
0.0016,p,2.229458386e-08,3.69507888e-09
0.0016,p,3.695078792e-09,3.695078792e-09
0.0016,Ux,0.01640956964,3.899765269e-15
0.0016,Uy,0.2827664829,1.368882758e-13
0.0016,p,0.147235092,8.114175541e-09
0.0016,p,9.517203761e-09,9.517203761e-09
0.0016,p,3.744178042e-08,5.916868597e-09
0.0016,p,5.916868781e-09,5.916868781e-09
0.0018,Ux,0.0333538193,3.658169783e-15
0.0018,Uy,0.08504826684,2.738100099e-14
0.0018,p,0.1865746537,6.521724945e-09
0.0018,p,5.491490991e-09,5.491490991e-09
0.0018,p,2.032718752e-08,3.232615279e-09
0.0018,p,3.232615218e-09,3.232615218e-09
0.0018,Ux,0.01455660166,3.328417283e-15
0.0018,Uy,0.3151663571,1.58271102e-13
0.0018,p,0.1488133229,6.789804736e-09
0.0018,p,7.983071092e-09,7.983071092e-09
0.0018,p,3.474307765e-08,5.227954263e-09
0.0018,p,5.227954388e-09,5.227954388e-09
0.002,Ux,0.02978664941,3.140126376e-15
0.002,Uy,0.03927408787,7.70109457e-15
0.002,p,0.182566579,6.014880861e-09
0.002,p,5.080160034e-09,5.080160034e-09
0.002,p,1.905666601e-08,3.031765065e-09
0.002,p,3.031765014e-09,3.031765014e-09
0.002,Ux,0.0131876411,2.919632927e-15
0.002,Uy,0.3166124389,1.553449672e-13
0.002,p,0.1501301872,6.080713204e-09
0.002,p,7.162856968e-09,7.162856968e-09
0.002,p,3.280743884e-08,4.828934879e-09
0.002,p,4.828934977e-09,4.828934977e-09
0.0022,Ux,0.02703599302,2.757150167e-15
0.0022,Uy,0.03256018665,5.618154784e-15
0.0022,p,0.1795863467,5.984372888e-09
0.0022,p,5.068909919e-09,5.068909919e-09
0.0022,p,1.826098515e-08,2.942985691e-09
0.0022,p,2.94298564e-09,2.94298564e-09
0.0022,Ux,0.01214964797,2.706116793e-15
0.0022,Uy,0.314524053,1.511404013e-13
0.0022,p,0.1514798327,5.730033507e-09
0.0022,p,6.76030431e-09,6.76030431e-09
0.0022,p,3.137000041e-08,4.590834868e-09
0.0022,p,4.590834954e-09,4.590834954e-09
0.0024,Ux,0.02483448982,2.499687558e-15
0.0024,Uy,0.02930770596,4.592781295e-15
0.0024,p,0.1779671984,5.651366215e-09
0.0024,p,4.795992039e-09,4.795992039e-09
0.0024,p,1.726243021e-08,2.795431497e-09
0.0024,p,2.795431452e-09,2.795431452e-09
0.0024,Ux,0.0112193672,2.524895695e-15
0.0024,Uy,0.3137471488,1.478472552e-13
0.0024,p,0.1528518042,5.440513583e-09
0.0024,p,6.427217357e-09,6.427217357e-09
0.0024,p,3.006947891e-08,4.387127117e-09
0.0024,p,4.387127194e-09,4.387127194e-09
0.0026,Ux,0.02295159678,2.258098482e-15
0.0026,Uy,0.02706511395,4.052791748e-15
0.0026,p,0.1769384169,5.398810858e-09
0.0026,p,4.58830057e-09,4.58830057e-09
0.0026,p,1.657902735e-08,2.68032875e-09
0.0026,p,2.680328709e-09,2.680328709e-09
0.0026,Ux,0.01041387099,2.385534102e-15
0.0026,Uy,0.3123429301,1.445346414e-13
0.0026,p,0.1542588046,5.184039665e-09
0.0026,p,6.132091282e-09,6.132091282e-09
0.0026,p,2.897181078e-08,4.207580971e-09
0.0026,p,4.207581039e-09,4.207581039e-09
0.0028,Ux,0.0213669121,2.080662161e-15
0.0028,Uy,0.02536685163,3.536598483e-15
0.0028,p,0.1761320381,5.137410868e-09
0.0028,p,4.366868397e-09,4.366868397e-09
0.0028,p,1.586282294e-08,2.560763831e-09
0.0028,p,2.560763795e-09,2.560763795e-09
0.0028,Ux,0.009685558765,2.212662391e-15
0.0028,Uy,0.3105412201,1.415196475e-13
0.0028,p,0.1554048458,4.931124657e-09
0.0028,p,5.844120006e-09,5.844120006e-09
0.0028,p,2.794654272e-08,4.039292794e-09
0.0028,p,4.039292854e-09,4.039292854e-09
0.003,Ux,0.01999746956,1.912199663e-15
0.003,Uy,0.02335725552,3.213415909e-15
0.003,p,0.1754225117,4.847018238e-09
0.003,p,4.120859626e-09,4.120859626e-09
0.003,p,1.519104657e-08,2.438835425e-09
0.003,p,2.438835393e-09,2.438835393e-09
0.003,Ux,0.009053746747,2.076459888e-15
0.003,Uy,0.308179148,1.384279208e-13
0.003,p,0.156303116,4.709304081e-09
0.003,p,5.582806279e-09,5.582806279e-09
0.003,p,2.694989177e-08,3.883299619e-09
0.003,p,3.883299677e-09,3.883299677e-09
0.0032,Ux,0.01878239307,1.776452112e-15
0.0032,Uy,0.02227123485,2.939021555e-15
0.0032,p,0.1749433667,4.590824906e-09
0.0032,p,3.904442047e-09,3.904442047e-09
0.0032,p,1.462602385e-08,2.346822982e-09
0.0032,p,2.346822953e-09,2.346822953e-09
0.0032,Ux,0.008479196556,1.950578769e-15
0.0032,Uy,0.3052550754,1.352332666e-13
0.0032,p,0.1567634067,4.488954204e-09
0.0032,p,5.317954052e-09,5.317954052e-09
0.0032,p,2.594866924e-08,3.733502836e-09
0.0032,p,3.733502888e-09,3.733502888e-09
0.0034,Ux,0.01768230342,1.646913158e-15
0.0034,Uy,0.02110643786,2.705702728e-15
0.0034,p,0.1739016565,4.520055687e-09
0.0034,p,3.847892264e-09,3.847892264e-09
0.0034,p,1.411819365e-08,2.28973942e-09
0.0034,p,2.289739391e-09,2.289739391e-09
0.0034,Ux,0.008031591595,1.83633588e-15
0.0034,Uy,0.3020846314,1.324426327e-13
0.0034,p,0.1569981366,4.334762791e-09
0.0034,p,5.138810969e-09,5.138810969e-09
0.0034,p,2.508167122e-08,3.619155477e-09
0.0034,p,3.619155525e-09,3.619155525e-09
0.0036,Ux,0.016722673,1.544445558e-15
0.0036,Uy,0.02018305032,2.55626324e-15
0.0036,p,0.1734491305,4.305009604e-09
0.0036,p,3.665571857e-09,3.665571857e-09
0.0036,p,1.362216417e-08,2.207323049e-09
0.0036,p,2.207323023e-09,2.207323023e-09
0.0036,Ux,0.007600855014,1.708860477e-15
0.0036,Uy,0.2995695398,1.297653718e-13
0.0036,p,0.1570655645,4.175142258e-09
0.0036,p,4.952177762e-09,4.952177762e-09
0.0036,p,2.425057269e-08,3.511130365e-09
0.0036,p,3.511130408e-09,3.511130408e-09
0.0038,Ux,0.01588662605,1.451286613e-15
0.0038,Uy,0.01910207192,2.356609274e-15
0.0038,p,0.1726773039,4.279739143e-09
0.0038,p,3.646747346e-09,3.646747346e-09
0.0038,p,1.325692121e-08,2.173471808e-09
0.0038,p,2.173471782e-09,2.173471782e-09
0.0038,Ux,0.00723879282,1.643642133e-15
0.0038,Uy,0.2966588222,1.273793618e-13
0.0038,p,0.157133703,4.068665502e-09
0.0038,p,4.828499132e-09,4.828499132e-09
0.0038,p,2.352728483e-08,3.428713055e-09
0.0038,p,3.428713097e-09,3.428713097e-09
0.004,Ux,0.01515322689,1.356048303e-15
0.004,Uy,0.01840217937,2.232914146e-15
0.004,p,0.172175374,4.13535844e-09
0.004,p,3.525324119e-09,3.525324119e-09
0.004,p,1.281194233e-08,2.112176669e-09
0.004,p,2.112176645e-09,2.112176645e-09
0.004,Ux,0.006896300227,1.556685615e-15
0.004,Uy,0.294365184,1.25464753e-13
0.004,p,0.1571502734,3.964409574e-09
0.004,p,4.706839285e-09,4.706839285e-09
0.004,p,2.285630858e-08,3.352239189e-09
0.004,p,3.352239229e-09,3.352239229e-09
0.0042,Ux,0.01447268286,1.268988482e-15
0.0042,Uy,0.01831483529,2.371753342e-15
0.0042,p,0.1716817552,4.032170418e-09
0.0042,p,3.439813149e-09,3.439813149e-09
0.0042,p,1.244454861e-08,2.058370664e-09
0.0042,p,2.058370641e-09,2.058370641e-09
0.0042,Ux,0.006595786724,1.471769615e-15
0.0042,Uy,0.2917107571,1.232537841e-13
0.0042,p,0.1576160499,3.876012924e-09
0.0042,p,4.603991318e-09,4.603991318e-09
0.0042,p,2.229166067e-08,3.285919382e-09
0.0042,p,3.28591942e-09,3.28591942e-09
0.0044,Ux,0.01387225822,1.211167902e-15
0.0044,Uy,0.01744314924,2.076525436e-15
0.0044,p,0.1714553304,3.877128973e-09
0.0044,p,3.308603792e-09,3.308603792e-09
0.0044,p,1.212299155e-08,2.003024825e-09
0.0044,p,2.003024804e-09,2.003024804e-09
0.0044,Ux,0.006301590881,1.401472943e-15
0.0044,Uy,0.2894200063,1.211295656e-13
0.0044,p,0.1581627501,3.778262678e-09
0.0044,p,4.489874665e-09,4.489874665e-09
0.0044,p,2.179053318e-08,3.222924112e-09
0.0044,p,3.222924149e-09,3.222924149e-09
0.0046,Ux,0.01329561521,1.150436534e-15
0.0046,Uy,0.01601630571,1.954951656e-15
0.0046,p,0.1710300657,3.821161025e-09
0.0046,p,3.262160352e-09,3.262160352e-09
0.0046,p,1.193933056e-08,1.981121904e-09
0.0046,p,1.981121883e-09,1.981121883e-09
0.0046,Ux,0.006038337085,1.348551147e-15
0.0046,Uy,0.2866992665,1.192057112e-13
0.0046,p,0.1587584163,3.703961144e-09
0.0046,p,4.404479602e-09,4.404479602e-09
0.0046,p,2.137493123e-08,3.174453295e-09
0.0046,p,3.17445333e-09,3.17445333e-09
0.0048,Ux,0.01275561672,1.097939857e-15
0.0048,Uy,0.01524772714,1.802769608e-15
0.0048,p,0.1708772254,3.798617087e-09
0.0048,p,3.24299001e-09,3.24299001e-09
0.0048,p,1.170300594e-08,1.956413048e-09
0.0048,p,1.956413027e-09,1.956413027e-09
0.0048,Ux,0.005794831019,1.295813173e-15
0.0048,Uy,0.2838023063,1.174553221e-13
0.0048,p,0.1593262149,3.65605175e-09
0.0048,p,4.351756236e-09,4.351756236e-09
0.0048,p,2.099527408e-08,3.136448045e-09
0.0048,p,3.136448079e-09,3.136448079e-09
0.005,Ux,0.01225839675,1.04100311e-15
0.005,Uy,0.01481272885,1.747462925e-15
0.005,p,0.1709084123,3.726396465e-09
0.005,p,3.180495894e-09,3.180495894e-09
0.005,p,1.145327948e-08,1.924038053e-09
0.005,p,1.924038033e-09,1.924038033e-09
0.005,Ux,0.005614445898,1.26708625e-15
0.005,Uy,0.2811829749,1.158622262e-13
0.005,p,0.1598003582,3.608320807e-09
0.005,p,4.297409376e-09,4.297409376e-09
0.005,p,2.061037779e-08,3.097454626e-09
0.005,p,3.09745466e-09,3.09745466e-09
0.0052,Ux,0.01180158943,9.935870012e-16
0.0052,Uy,0.01427776091,1.666043429e-15
0.0052,p,0.1708614362,3.682216151e-09
0.0052,p,3.142648946e-09,3.142648946e-09
0.0052,p,1.124857002e-08,1.900836527e-09
0.0052,p,1.900836507e-09,1.900836507e-09
0.0052,Ux,0.005465194901,1.23987807e-15
0.0052,Uy,0.2781651082,1.141411492e-13
0.0052,p,0.1602183087,3.566171798e-09
0.0052,p,4.249434847e-09,4.249434847e-09
0.0052,p,2.024581204e-08,3.06193267e-09
0.0052,p,3.061932704e-09,3.061932704e-09
0.0054,Ux,0.01137298514,9.633003765e-16
0.0054,Uy,0.01389919069,1.577000352e-15
0.0054,p,0.170849991,3.666585465e-09
0.0054,p,3.129479594e-09,3.129479594e-09
0.0054,p,1.106868217e-08,1.883387363e-09
0.0054,p,1.883387344e-09,1.883387344e-09
0.0054,Ux,0.005330851243,1.187101364e-15
0.0054,Uy,0.2753536019,1.125454502e-13
0.0054,p,0.1606080517,3.536491487e-09
0.0054,p,4.215971742e-09,4.215971742e-09
0.0054,p,1.991487987e-08,3.032089484e-09
0.0054,p,3.032089517e-09,3.032089517e-09
0.0056,Ux,0.01097211514,9.022479735e-16
0.0056,Uy,0.01333905793,1.525075006e-15
0.0056,p,0.1708140602,3.646823543e-09
0.0056,p,3.112558237e-09,3.112558237e-09
0.0056,p,1.091212887e-08,1.86695465e-09
0.0056,p,1.86695463e-09,1.86695463e-09
0.0056,Ux,0.005209156569,1.147461141e-15
0.0056,Uy,0.2725921734,1.110347286e-13
0.0056,p,0.1609461695,3.511820104e-09
0.0056,p,4.18817967e-09,4.18817967e-09
0.0056,p,1.960442775e-08,3.004981534e-09
0.0056,p,3.004981566e-09,3.004981566e-09
0.0058,Ux,0.01061088557,8.899568125e-16
0.0058,Uy,0.01292317378,1.457511694e-15
0.0058,p,0.1707561632,3.653244384e-09
0.0058,p,3.118366267e-09,3.118366267e-09
0.0058,p,1.07810504e-08,1.858075544e-09
0.0058,p,1.858075524e-09,1.858075524e-09
0.0058,Ux,0.005091260593,1.127475806e-15
0.0058,Uy,0.2699010586,1.096275916e-13
0.0058,p,0.1612606541,3.498264198e-09
0.0058,p,4.173418086e-09,4.173418086e-09
0.0058,p,1.932349973e-08,2.98296511e-09
0.0058,p,2.982965143e-09,2.982965143e-09
0.006,Ux,0.01027877889,8.387901941e-16
0.006,Uy,0.01252040754,1.442274078e-15
0.006,p,0.1706821533,3.644836496e-09
0.006,p,3.111573669e-09,3.111573669e-09
0.006,p,1.063310726e-08,1.844692172e-09
0.006,p,1.844692152e-09,1.844692152e-09
0.006,Ux,0.004977581696,1.090520608e-15
0.006,Uy,0.2670463014,1.081947244e-13
0.006,p,0.1615482566,3.48986564e-09
0.006,p,4.164551789e-09,4.164551789e-09
0.006,p,1.906201961e-08,2.963423227e-09
0.006,p,2.96342326e-09,2.96342326e-09
0.0062,Ux,0.009966184212,7.982019327e-16
0.0062,Uy,0.01215959374,1.380873075e-15
0.0062,p,0.1706176729,3.631943141e-09
0.0062,p,3.100874444e-09,3.100874444e-09
0.0062,p,1.04908655e-08,1.829855664e-09
0.0062,p,1.829855644e-09,1.829855644e-09
0.0062,Ux,0.004868011612,1.078858802e-15
0.0062,Uy,0.2643073835,1.067975608e-13
0.0062,p,0.1618021634,3.483667337e-09
0.0062,p,4.158268664e-09,4.158268664e-09
0.0062,p,1.881874874e-08,2.945111713e-09
0.0062,p,2.945111746e-09,2.945111746e-09
0.0064,Ux,0.009671515767,7.824191074e-16
0.0064,Uy,0.01179462653,1.320887479e-15
0.0064,p,0.1705856191,3.623914649e-09
0.0064,p,3.09424839e-09,3.09424839e-09
0.0064,p,1.036470686e-08,1.816850861e-09
0.0064,p,1.816850841e-09,1.816850841e-09
0.0064,Ux,0.004763202851,1.049566348e-15
0.0064,Uy,0.2614545327,1.054488697e-13
0.0064,p,0.1620532889,3.479070561e-09
0.0064,p,4.153905947e-09,4.153905947e-09
0.0064,p,1.859074575e-08,2.927740738e-09
0.0064,p,2.927740771e-09,2.927740771e-09
0.0066,Ux,0.009393637488,7.64178829e-16
0.0066,Uy,0.01144558939,1.280012461e-15
0.0066,p,0.1706130252,3.616574222e-09
0.0066,p,3.088228965e-09,3.088228965e-09
0.0066,p,1.024571105e-08,1.804664204e-09
0.0066,p,1.804664184e-09,1.804664184e-09
0.0066,Ux,0.004662589989,1.026212542e-15
0.0066,Uy,0.2587113583,1.041104451e-13
0.0066,p,0.162366306,3.475815595e-09
0.0066,p,4.151048515e-09,4.151048515e-09
0.0066,p,1.83753391e-08,2.911201843e-09
0.0066,p,2.911201876e-09,2.911201876e-09
0.0068,Ux,0.009130807274,7.321667119e-16
0.0068,Uy,0.01115952384,1.228131445e-15
0.0068,p,0.1706448584,3.609311362e-09
0.0068,p,3.082288283e-09,3.082288283e-09
0.0068,p,1.013480319e-08,1.792755524e-09
0.0068,p,1.792755504e-09,1.792755504e-09
0.0068,Ux,0.004566444638,9.951786272e-16
0.0068,Uy,0.2558651555,1.027872451e-13
0.0068,p,0.1626657293,3.473801568e-09
0.0068,p,4.149593263e-09,4.149593263e-09
0.0068,p,1.817620354e-08,2.895512216e-09
0.0068,p,2.895512249e-09,2.895512249e-09
0.007,Ux,0.008881273789,7.003525235e-16
0.007,Uy,0.01090970412,1.237894965e-15
0.007,p,0.1706821824,3.595924386e-09
0.007,p,3.071092403e-09,3.071092403e-09
0.007,p,1.002872373e-08,1.779341675e-09
0.007,p,1.779341656e-09,1.779341656e-09
0.007,Ux,0.004474183071,9.694767132e-16
0.007,Uy,0.2531049232,1.014481142e-13
0.007,p,0.1629498711,3.471930794e-09
0.007,p,4.148241191e-09,4.148241191e-09
0.007,p,1.798827556e-08,2.880211734e-09
0.007,p,2.880211768e-09,2.880211768e-09
0.0072,Ux,0.008644111878,6.818281447e-16
0.0072,Uy,0.01061600341,1.18116058e-15
0.0072,p,0.1706952777,3.581280308e-09
0.0072,p,3.05828085e-09,3.05828085e-09
0.0072,p,9.919765264e-09,9.919765264e-09
0.0072,p,9.919765264e-09,9.919765264e-09
0.0072,Ux,0.004386376622,9.499738273e-16
0.0072,Uy,0.2439892222,1.08192876e-13
0.0072,p,0.1631819799,3.468676865e-09
0.0072,p,4.145968204e-09,4.145968204e-09
0.0072,p,1.780625889e-08,2.864897006e-09
0.0072,p,2.864897038e-09,2.864897038e-09
0.0074,Ux,0.008418406681,6.565111343e-16
0.0074,Uy,0.01029427529,1.121168516e-15
0.0074,p,0.1707080706,3.57392674e-09
0.0074,p,3.051663523e-09,3.051663523e-09
0.0074,p,9.820648494e-09,9.820648494e-09
0.0074,p,9.820648494e-09,9.820648494e-09
0.0074,Ux,0.004300645677,9.304875738e-16
0.0074,Uy,0.241603934,1.069926505e-13
0.0074,p,0.1633538093,3.466985776e-09
0.0074,p,4.144249627e-09,4.144249627e-09
0.0074,p,1.762147674e-08,2.849269204e-09
0.0074,p,2.849269236e-09,2.849269236e-09
0.0076,Ux,0.008202868729,6.400378016e-16
0.0076,Uy,0.01001675601,1.076767826e-15
0.0076,p,0.1706740293,3.569142085e-09
0.0076,p,3.047917363e-09,3.047917363e-09
0.0076,p,9.723855152e-09,9.723855152e-09
0.0076,p,9.723855152e-09,9.723855152e-09
0.0076,Ux,0.004218871448,9.137487593e-16
0.0076,Uy,0.2391836737,1.058303785e-13
0.0076,p,0.1634933617,9.995720946e-09
0.0076,p,1.194783742e-08,4.144304575e-09
0.0076,p,1.74400353e-08,2.834316805e-09
0.0076,p,2.834316837e-09,2.834316837e-09
0.0078,Ux,0.007997499337,6.294192378e-16
0.0078,Uy,0.009763911028,1.055684341e-15
0.0078,p,0.1706236518,3.582816213e-09
0.0078,p,3.060185976e-09,3.060185976e-09
0.0078,p,9.640539249e-09,9.640539249e-09
0.0078,p,9.640539249e-09,9.640539249e-09
0.0078,Ux,0.004141418665,9.160676501e-16
0.0078,Uy,0.2369000363,1.048621777e-13
0.0078,p,0.1636090363,9.997856535e-09
0.0078,p,1.194919911e-08,4.149208347e-09
0.0078,p,1.726687873e-08,2.821203179e-09
0.0078,p,2.821203211e-09,2.821203211e-09
0.008,Ux,0.007799974556,5.951994306e-16
0.008,Uy,0.009580150101,1.035940389e-15
0.008,p,0.1705505066,3.600618428e-09
0.008,p,3.075977231e-09,3.075977231e-09
0.008,p,9.566556974e-09,9.566556974e-09
0.008,p,9.566556974e-09,9.566556974e-09
0.008,Ux,0.004071193926,8.981110782e-16
0.008,Uy,0.2345445282,1.038410673e-13
0.008,p,0.1637000277,3.479304056e-09
0.008,p,4.157928751e-09,4.157928751e-09
0.008,p,1.710210969e-08,2.809881135e-09
0.008,p,2.809881167e-09,2.809881167e-09
